"legacy_bug_id","started_at","ended_at","elapsed_seconds","session_status","started_by_zuid","started_by_name"
"35915000000065034","2026-09-11 18:00:50","2026-09-11 18:00:57","7","COMPLETED","50045710988","Vishwa S"
"35915000000066045","2026-09-11 18:02:14","2026-09-11 18:02:21","7","COMPLETED","50045710988","Vishwa S"
"35915000000079016","2026-09-11 18:00:32","2026-09-11 18:00:39","7","COMPLETED","50045710988","Vishwa S"
"35915000000079018","2026-09-11 18:01:09","2026-09-11 18:01:15","6","COMPLETED","50045710988","Vishwa S"
"35915000000063030","2026-09-11 17:41:46","2026-09-11 17:48:07","381","COMPLETED","50045710988","Vishwa S"
"35915000000063035","2026-09-11 18:01:23","2026-09-11 18:01:29","6","COMPLETED","50045710988","Vishwa S"
"35915000000067020","2026-09-11 18:01:37","2026-09-11 18:01:43","6","COMPLETED","50045710988","Vishwa S"
"35915000000067022","2026-09-11 18:02:29","2026-09-11 18:02:36","7","COMPLETED","50045710988","Vishwa S"
"35915000000082019","2026-09-14 05:38:23","2026-09-14 05:39:10","47","COMPLETED","50045710988","Vishwa S"
"35915000000078035","2026-09-11 18:01:57","2026-09-11 18:02:02","5","COMPLETED","50045710988","Vishwa S"
"35915000000080022","2026-09-14 05:39:31","2026-09-14 05:53:07","816","COMPLETED","50045710988","Vishwa S"
"35915000000072032","2026-09-14 05:55:53","2026-09-14 06:01:04","311","COMPLETED","50045710988","Vishwa S"
"35915000000063044","2026-09-14 06:01:36","2026-09-14 06:04:42","186","COMPLETED","50045710988","Vishwa S"
"35915000000096001","2026-09-14 06:55:50","2026-09-14 07:00:13","263","COMPLETED","50045711750","Harish SS"
"35915000000093004","2026-09-14 07:51:00","2026-09-14 07:54:12","191","COMPLETED","50045710988","Vishwa S"
"35915000000089004","2026-09-14 15:14:49","2026-09-14 15:41:20","1590","COMPLETED","50045710988","Vishwa S"
"35915000000089006","2026-09-15 05:24:17","2026-09-15 05:24:51","34","COMPLETED","50045711750","Harish SS"
"35915000000089011","2026-09-16 06:25:50","2026-09-16 06:26:22","32","COMPLETED","50045711750","Harish SS"
"35915000000089021","2026-09-18 06:21:56","2026-09-18 06:36:55","899","COMPLETED","50045711750","Harish SS"
"35915000000099015","2026-09-16 05:41:01","2026-09-16 05:43:52","171","COMPLETED","50045711750","Harish SS"
"35915000000099017","2026-09-16 06:01:00","2026-09-16 06:01:48","48","COMPLETED","50045711750","Harish SS"
"35915000000086001","2026-09-14 06:05:31","2026-09-14 06:09:31","240","COMPLETED","50045710988","Vishwa S"
"35915000000099007","2026-09-15 05:23:43","2026-09-15 05:24:25","42","COMPLETED","50045711750","Harish SS"
"35915000000105002","2026-09-16 06:13:06","2026-09-16 06:14:48","102","COMPLETED","50045711750","Harish SS"
"35915000000097002","2026-09-16 06:33:37","2026-09-16 06:40:05","388","COMPLETED","50045711750","Harish SS"
"35915000000097004","2026-09-17 07:04:59","2026-09-17 07:08:33","214","COMPLETED","50045711750","Harish SS"
"35915000000097006","2026-09-17 09:58:36","2026-09-17 10:02:46","250","COMPLETED","50045711750","Harish SS"
"35915000000088001","2026-09-14 06:10:21","2026-09-14 06:14:57","276","COMPLETED","50045710988","Vishwa S"
"35915000000085006","2026-09-14 06:41:33","2026-09-14 06:46:57","324","COMPLETED","50045710988","Vishwa S"
"35915000000091005","2026-09-16 06:24:46","2026-09-16 06:25:20","34","COMPLETED","50045711750","Harish SS"
"35915000000091008","2026-09-16 06:45:13","2026-09-16 06:45:32","19","COMPLETED","50045711750","Harish SS"
"35915000000091010","2026-09-17 06:42:33","2026-09-17 06:43:18","45","COMPLETED","50045711750","Harish SS"
"35915000000100013","2026-09-17 09:57:07","2026-09-17 09:57:58","50","COMPLETED","50045711750","Harish SS"
"35915000000102009","2026-09-17 10:03:15","2026-09-17 10:03:44","29","COMPLETED","50045711750","Harish SS"
"35915000000091013","2026-09-17 13:14:39","2026-09-17 13:15:18","39","COMPLETED","50045711750","Harish SS"
"35915000000096011","2026-09-18 05:39:31","2026-09-18 05:44:23","292","COMPLETED","50045711750","Harish SS"
"35915000000093006","2026-09-16 06:20:15","2026-09-16 06:21:17","62","COMPLETED","50045711750","Harish SS"
"35915000000093013","2026-09-17 07:13:57","2026-09-17 07:14:48","51","COMPLETED","50045711750","Harish SS"
"35915000000089017","2026-09-17 10:04:15","2026-09-17 10:04:55","40","COMPLETED","50045711750","Harish SS"
"35915000000093015","2026-09-17 10:10:56","2026-09-17 10:11:11","15","COMPLETED","50045711750","Harish SS"
"35915000000090001","2026-09-14 06:15:24","2026-09-14 06:21:45","381","COMPLETED","50045710988","Vishwa S"
"35915000000087003","2026-09-15 05:30:33","2026-09-15 05:32:02","89","COMPLETED","50045711750","Harish SS"
"35915000000096004","2026-09-16 05:53:29","2026-09-16 06:00:34","425","COMPLETED","50045711750","Harish SS"
"35915000000096006","2026-09-16 06:40:51","2026-09-16 06:42:45","114","COMPLETED","50045711750","Harish SS"
"35915000000100018","2026-09-17 12:14:27","2026-09-17 12:21:35","428","COMPLETED","50045711750","Harish SS"
"35915000000102011","2026-09-18 05:57:39","2026-09-18 06:04:03","384","COMPLETED","50045711750","Harish SS"
"35915000000096014","2026-09-18 07:07:45","2026-09-18 07:08:22","37","COMPLETED","50045711750","Harish SS"
"35915000000096016","2026-09-18 07:08:32","2026-09-18 07:27:48","1156","COMPLETED","50045711750","Harish SS"
"35915000000105004","2026-09-17 11:55:05","2026-09-17 11:55:45","40","COMPLETED","50045711750","Harish SS"
"35915000000092001","2026-09-14 06:24:11","2026-09-14 06:33:15","544","COMPLETED","50045710988","Vishwa S"
"35915000000085013","2026-09-17 06:40:02","2026-09-17 06:41:19","77","COMPLETED","50045711750","Harish SS"
"35915000000085016","2026-09-17 13:09:40","2026-09-17 13:14:19","279","COMPLETED","50045711750","Harish SS"
"35915000000085019","2026-09-18 07:03:47","2026-09-18 07:05:16","89","COMPLETED","50045711750","Harish SS"
"35915000000093002","2026-09-14 06:34:01","2026-09-14 06:40:54","413","COMPLETED","50045710988","Vishwa S"
"35915000000090003","2026-09-16 05:39:35","2026-09-16 05:40:06","31","COMPLETED","50045711750","Harish SS"
"35915000000093008","2026-09-16 06:21:56","2026-09-16 06:22:49","53","COMPLETED","50045711750","Harish SS"
"35915000000093010","2026-09-16 06:27:20","2026-09-16 06:28:19","59","COMPLETED","50045711750","Harish SS"
"35915000000090006","2026-09-16 06:32:00","2026-09-16 06:56:15","1454","COMPLETED","50045711750","Harish SS"
"35915000000090008","2026-09-16 06:43:20","2026-09-16 06:44:28","68","COMPLETED","50045711750","Harish SS"
"35915000000102007","2026-09-17 07:17:47","2026-09-17 07:33:57","970","COMPLETED","50045711750","Harish SS"
"35915000000100015","2026-09-17 11:53:34","2026-09-17 11:54:35","61","COMPLETED","50045711750","Harish SS"
"35915000000102013","2026-09-18 06:04:28","2026-09-18 06:06:40","132","COMPLETED","50045711750","Harish SS"
"35915000000092007","2026-09-17 13:03:45","2026-09-17 13:08:05","260","COMPLETED","50045711750","Harish SS"
"35915000000092009","2026-09-17 13:16:03","2026-09-17 13:16:31","28","COMPLETED","50045711750","Harish SS"
"35915000000092004","2026-09-17 06:25:05","2026-09-17 06:25:27","22","COMPLETED","50045711750","Harish SS"
"35915000000088007","2026-09-17 06:58:48","2026-09-17 07:00:35","107","COMPLETED","50045711750","Harish SS"
"35915000000088011","2026-09-17 10:08:36","2026-09-17 10:09:58","82","COMPLETED","50045711750","Harish SS"
"35915000000097010","2026-09-18 07:00:49","2026-09-18 07:01:43","51","COMPLETED","50045711750","Harish SS"
"35915000000088003","2026-09-14 08:03:17","2026-09-14 08:05:29","132","COMPLETED","50045710988","Vishwa S"
"35915000000087005","2026-09-16 05:48:19","2026-09-16 05:49:09","50","COMPLETED","50045711750","Harish SS"
"35915000000087007","2026-09-16 06:06:09","2026-09-16 06:11:35","326","COMPLETED","50045711750","Harish SS"
"35915000000086009","2026-09-16 06:16:20","2026-09-16 06:16:46","26","COMPLETED","50045711750","Harish SS"
"35915000000087009","2026-09-16 06:19:14","2026-09-16 06:19:28","14","COMPLETED","50045711750","Harish SS"
"35915000000087011","2026-09-17 12:07:17","2026-09-17 12:13:03","346","COMPLETED","50045711750","Harish SS"
"35915000000087013","2026-09-17 12:57:53","2026-09-17 12:59:23","90","COMPLETED","50045711750","Harish SS"
"35915000000104001","2026-09-14 14:57:03","2026-09-14 15:08:50","706","COMPLETED","50045710988","Vishwa S"
"35915000000104008","2026-09-17 06:44:02","2026-09-17 06:57:09","787","COMPLETED","50045711750","Harish SS"
"35915000000095023","2026-09-17 07:10:45","2026-09-17 07:11:16","31","COMPLETED","50045711750","Harish SS"
"35915000000104013","2026-09-17 12:21:53","2026-09-17 12:31:39","586","COMPLETED","50045711750","Harish SS"
"35915000000101002","2026-09-14 10:43:31","2026-09-14 12:53:28","7797","COMPLETED","50045711750","Harish SS"
"35915000000100002","2026-09-14 15:09:45","2026-09-14 15:13:11","206","COMPLETED","50045710988","Vishwa S"
"35915000000086004","2026-09-15 07:18:35","2026-09-15 07:24:51","376","COMPLETED","50045710988","Vishwa S"
"35915000000100005","2026-09-16 05:52:29","2026-09-16 05:53:16","47","COMPLETED","50045711750","Harish SS"
"35915000000100011","2026-09-17 07:15:26","2026-09-17 07:17:09","103","COMPLETED","50045711750","Harish SS"
"35915000000095004","2026-09-14 15:22:28","2026-09-14 15:36:33","845","COMPLETED","50045710988","Vishwa S"
"35915000000090010","2026-09-16 06:46:23","2026-09-16 06:53:08","405","COMPLETED","50045711750","Harish SS"
"35915000000095015","2026-09-16 07:05:15","2026-09-16 07:05:57","42","COMPLETED","50045711750","Harish SS"
"35915000000095019","2026-09-17 06:57:54","2026-09-17 06:58:16","22","COMPLETED","50045711750","Harish SS"
"35915000000095021","2026-09-17 07:00:57","2026-09-17 07:01:18","21","COMPLETED","50045711750","Harish SS"
"35915000000104004","2026-09-15 07:25:44","2026-09-15 07:32:25","401","COMPLETED","50045710988","Vishwa S"
"35915000000101008","2026-09-17 12:59:44","2026-09-17 13:01:23","99","COMPLETED","50045711750","Harish SS"
"35915000000101010","2026-09-18 06:08:54","2026-09-18 06:20:48","714","COMPLETED","50045711750","Harish SS"
"35915000000116042","2026-09-20 17:34:03","2026-09-20 17:34:48","45","COMPLETED","50045710988","Vishwa S"
"35915000000116058","2026-09-23 12:37:49","2026-09-23 12:42:18","269","COMPLETED","50046120377","Karthikeyan B"
"35915000000124035","2026-09-23 19:31:16","2026-09-23 19:32:47","91","COMPLETED","50045711750","Harish SS"
"35915000000125056","2026-09-24 04:46:37","2026-09-24 04:47:14","37","COMPLETED","50045711750","Harish SS"
"35915000000116072","2026-09-24 12:23:03","2026-09-24 12:23:59","56","COMPLETED","50045710988","Vishwa S"
"35915000000116077","2026-09-25 09:38:14","2026-09-25 09:41:59","225","COMPLETED","50045710988","Vishwa S"
"35915000000112043","2026-09-25 13:13:34","2026-09-25 13:13:59","25","COMPLETED","50045710988","Vishwa S"
"35915000000110022","2026-09-21 08:07:51","2026-09-21 08:08:31","40","PAUSED","50045710988","Vishwa S"
"35915000000123038","2026-09-21 13:49:52","2026-09-21 13:56:02","370","COMPLETED","50045710988","Vishwa S"
"35915000000110024","2026-09-22 15:47:14","2026-09-22 15:51:48","274","COMPLETED","50045710988","Vishwa S"
"35915000000110033","2026-09-24 04:51:36","2026-09-24 04:53:44","128","PAUSED","50045711750","Harish SS"
"35915000000117030","2026-09-24 06:16:26","2026-09-24 06:16:26","0","COMPLETED","50045711750","Harish SS"
"35915000000110041","2026-09-24 13:41:51","2026-09-24 13:43:43","112","COMPLETED","50045710988","Vishwa S"
"35915000000110045","2026-09-25 09:42:06","2026-09-25 09:49:52","466","COMPLETED","50045710988","Vishwa S"
"35915000000110047","2026-09-25 11:04:38","2026-09-25 11:04:48","10","PAUSED","50045710988","Vishwa S"
"35915000000110049","2026-09-25 12:38:18","2026-09-25 12:44:31","373","COMPLETED","50045710988","Vishwa S"
"35915000000124044","2026-09-25 13:14:04","2026-09-25 13:19:11","307","COMPLETED","50045710988","Vishwa S"
"35915000000111001","2026-09-18 10:14:49","2026-09-18 10:16:04","75","COMPLETED","50045711750","Harish SS"
"35915000000123027","2026-09-19 15:48:53","2026-09-19 15:50:36","103","COMPLETED","50045710988","Vishwa S"
"35915000000118018","2026-09-20 16:35:09","2026-09-20 16:36:08","59","COMPLETED","50045710988","Vishwa S"
"35915000000118020","2026-09-20 16:53:38","2026-09-20 16:55:07","89","COMPLETED","50045710988","Vishwa S"
"35915000000118027","2026-09-22 15:44:43","2026-09-22 15:46:53","130","COMPLETED","50045710988","Vishwa S"
"35915000000123043","2026-09-23 05:56:39","2026-09-23 06:05:39","540","COMPLETED","50045710988","Vishwa S"
"35915000000118034","2026-09-23 19:19:48","2026-09-23 19:20:47","59","COMPLETED","50045711750","Harish SS"
"35915000000118043","2026-09-24 13:34:49","2026-09-24 13:36:34","105","COMPLETED","50045710988","Vishwa S"
"35915000000115796","2026-09-25 13:27:25","2026-09-25 13:43:18","953","PAUSED","50045710988","Vishwa S"
"35915000000125020","2026-09-19 15:29:47","2026-09-19 15:38:02","495","COMPLETED","50045710988","Vishwa S"
"35915000000130003","2026-09-19 15:51:34","2026-09-19 15:56:02","268","COMPLETED","50045710988","Vishwa S"
"35915000000112011","2026-09-20 12:05:23","2026-09-20 12:07:11","108","COMPLETED","50045710988","Vishwa S"
"35915000000125023","2026-09-20 16:38:42","2026-09-20 16:40:45","123","COMPLETED","50045710988","Vishwa S"
"35915000000130010","2026-09-20 16:52:31","2026-09-20 16:53:23","52","COMPLETED","50045710988","Vishwa S"
"35915000000125028","2026-09-21 13:36:35","2026-09-21 13:40:31","236","COMPLETED","50045710988","Vishwa S"
"35915000000125030","2026-09-21 13:56:16","2026-09-21 14:06:06","590","COMPLETED","50045710988","Vishwa S"
"35915000000125034","2026-09-22 18:42:15","2026-09-22 18:43:17","62","COMPLETED","50045711750","Harish SS"
"35915000000125036","2026-09-22 19:00:44","2026-09-22 19:01:05","21","COMPLETED","50045711750","Harish SS"
"35915000000125038","2026-09-23 10:11:35","2026-09-23 10:14:03","148","COMPLETED","50046120377","Karthikeyan B"
"35915000000125040","2026-09-23 10:16:06","2026-09-23 10:44:46","1720","PAUSED","50046120377","Karthikeyan B"
"35915000000126033","2026-09-23 11:56:19","2026-09-23 11:58:47","148","COMPLETED","50046120377","Karthikeyan B"
"35915000000126035","2026-09-23 12:00:43","2026-09-23 12:09:31","528","COMPLETED","50046120377","Karthikeyan B"
"35915000000125043","2026-09-23 12:14:06","2026-09-23 12:16:13","127","PAUSED","50046120377","Karthikeyan B"
"35915000000125045","2026-09-23 12:32:08","2026-09-23 12:37:26","318","COMPLETED","50046120377","Karthikeyan B"
"35915000000125051","2026-09-23 19:08:30","2026-09-23 19:09:39","69","COMPLETED","50045711750","Harish SS"
"35915000000110033","2026-09-24 04:57:15","2026-09-24 04:58:04","49","COMPLETED","50045711750","Harish SS"
"35915000000125060","2026-09-24 05:56:19","2026-09-24 05:57:26","67","COMPLETED","50045711750","Harish SS"
"35915000000125066","2026-09-24 13:10:36","2026-09-24 13:10:48","12","PAUSED","50045710988","Vishwa S"
"35915000000125070","2026-09-24 13:43:52","2026-09-24 13:55:17","685","COMPLETED","50045710988","Vishwa S"
"35915000000125074","2026-09-25 05:06:24","2026-09-25 05:06:50","26","COMPLETED","50045711750","Harish SS"
"35915000000113001","2026-09-18 10:16:15","2026-09-18 10:17:31","76","COMPLETED","50045711750","Harish SS"
"35915000000115753","2026-09-19 15:38:48","2026-09-19 15:44:51","363","COMPLETED","50045710988","Vishwa S"
"35915000000115765","2026-09-20 17:25:05","2026-09-20 17:25:25","20","COMPLETED","50045710988","Vishwa S"
"35915000000115772","2026-09-22 15:54:17","2026-09-22 16:14:04","1187","PAUSED","50045710988","Vishwa S"
"35915000000115774","2026-09-22 18:47:11","2026-09-22 18:48:41","90","COMPLETED","50045711750","Harish SS"
"35915000000115782","2026-09-23 19:21:29","2026-09-23 19:23:07","98","COMPLETED","50045711750","Harish SS"
"35915000000115784","2026-09-23 19:30:27","2026-09-23 19:30:54","27","COMPLETED","50045711750","Harish SS"
"35915000000125054","2026-09-24 04:25:59","2026-09-24 04:26:38","39","COMPLETED","50045711750","Harish SS"
"35915000000125056","2026-09-24 04:32:08","2026-09-24 04:38:26","378","PAUSED","50045711750","Harish SS"
"35915000000115789","2026-09-24 12:55:43","2026-09-24 13:10:16","873","COMPLETED","50045710988","Vishwa S"
"35915000000115796","2026-09-25 13:24:43","2026-09-25 13:25:20","37","PAUSED","50045710988","Vishwa S"
"35915000000113012","2026-09-20 12:10:42","2026-09-20 12:11:47","65","COMPLETED","50045710988","Vishwa S"
"35915000000113015","2026-09-20 16:41:20","2026-09-20 16:42:23","63","COMPLETED","50045710988","Vishwa S"
"35915000000130012","2026-09-20 17:32:03","2026-09-20 17:32:50","47","COMPLETED","50045710988","Vishwa S"
"35915000000113019","2026-09-21 13:09:54","2026-09-21 13:15:28","334","COMPLETED","50045710988","Vishwa S"
"35915000000113024","2026-09-22 18:48:57","2026-09-22 18:49:43","46","PAUSED","50045711750","Harish SS"
"35915000000113028","2026-09-22 19:01:25","2026-09-22 19:01:50","25","COMPLETED","50045711750","Harish SS"
"35915000000113037","2026-09-23 19:01:25","2026-09-23 19:02:05","40","COMPLETED","50045711750","Harish SS"
"35915000000113041","2026-09-24 05:16:36","2026-09-24 05:18:07","91","COMPLETED","50045711750","Harish SS"
"35915000000113045","2026-09-24 07:17:41","2026-09-24 07:18:01","20","COMPLETED","50045711750","Harish SS"
"35915000000125072","2026-09-24 13:55:31","2026-09-24 14:01:42","371","COMPLETED","50045710988","Vishwa S"
"35915000000110047","2026-09-25 12:00:56","2026-09-25 12:08:11","435","COMPLETED","50045710988","Vishwa S"
"35915000000115796","2026-09-25 13:45:57","2026-09-25 13:47:06","69","PAUSED","50045710988","Vishwa S"
"35915000000115001","2026-09-18 10:18:24","2026-09-18 10:18:55","31","COMPLETED","50045711750","Harish SS"
"35915000000129002","2026-09-20 11:39:22","2026-09-20 12:02:48","1406","PAUSED","50045710988","Vishwa S"
"35915000000129002","2026-09-20 16:30:10","2026-09-20 16:30:10","0","COMPLETED","50045710988","Vishwa S"
"35915000000124022","2026-09-20 16:31:28","2026-09-20 16:32:39","71","COMPLETED","50045710988","Vishwa S"
"35915000000124024","2026-09-20 16:56:50","2026-09-20 16:57:53","63","COMPLETED","50045710988","Vishwa S"
"35915000000128047","2026-09-25 10:31:28","2026-09-25 10:48:55","1047","COMPLETED","50045710988","Vishwa S"
"35915000000124042","2026-09-25 12:10:11","2026-09-25 12:21:52","701","COMPLETED","50045710988","Vishwa S"
"35915000000129016","2026-09-23 19:27:52","2026-09-23 19:28:34","42","COMPLETED","50045711750","Harish SS"
"35915000000129018","2026-09-24 05:36:34","2026-09-24 05:50:40","846","COMPLETED","50046120377","Karthikeyan B"
"35915000000128040","2026-09-24 10:32:30","2026-09-24 10:33:27","57","COMPLETED","50045711750","Harish SS"
"35915000000129023","2026-09-24 12:37:51","2026-09-24 12:44:03","372","COMPLETED","50045710988","Vishwa S"
"35915000000129026","2026-09-25 04:05:17","2026-09-25 04:06:20","63","COMPLETED","50045711750","Harish SS"
"35915000000114045","2026-09-25 09:27:36","2026-09-25 09:28:09","33","COMPLETED","50045710988","Vishwa S"
"35915000000126053","2026-09-25 12:33:16","2026-09-25 12:34:08","52","COMPLETED","50045710988","Vishwa S"
"35915000000117001","2026-09-18 10:21:01","2026-09-18 10:21:42","40","COMPLETED","50045711750","Harish SS"
"35915000000123029","2026-09-20 12:09:01","2026-09-20 12:10:17","76","COMPLETED","50045710988","Vishwa S"
"35915000000129002","2026-09-20 12:19:14","2026-09-20 12:21:27","133","PAUSED","50045710988","Vishwa S"
"35915000000123033","2026-09-20 16:58:11","2026-09-20 17:02:41","270","COMPLETED","50045710988","Vishwa S"
"35915000000123035","2026-09-20 17:33:05","2026-09-20 17:33:51","46","COMPLETED","50045710988","Vishwa S"
"35915000000123038","2026-09-21 13:45:31","2026-09-21 13:45:51","20","PAUSED","50045710988","Vishwa S"
"35915000000130018","2026-09-22 04:34:41","2026-09-22 04:34:41","0","COMPLETED","50045711750","Harish SS"
"35915000000123040","2026-09-22 18:45:43","2026-09-22 18:46:51","68","COMPLETED","50045711750","Harish SS"
"35915000000123045","2026-09-23 19:12:36","2026-09-23 19:14:35","119","COMPLETED","50045711750","Harish SS"
"35915000000123047","2026-09-23 19:24:49","2026-09-23 19:27:06","137","COMPLETED","50045711750","Harish SS"
"35915000000130035","2026-09-24 05:14:34","2026-09-24 05:16:17","103","COMPLETED","50045711750","Harish SS"
"35915000000110037","2026-09-24 09:52:50","2026-09-24 09:53:44","54","COMPLETED","50045711750","Harish SS"
"35915000000123051","2026-09-24 12:26:25","2026-09-24 12:26:55","30","COMPLETED","50045710988","Vishwa S"
"35915000000123053","2026-09-25 03:39:29","2026-09-25 03:40:03","34","COMPLETED","50045711750","Harish SS"
"35915000000123055","2026-09-25 03:40:20","2026-09-25 03:41:18","58","COMPLETED","50045711750","Harish SS"
"35915000000123057","2026-09-25 03:41:41","2026-09-25 03:43:54","133","COMPLETED","50045711750","Harish SS"
"35915000000115751","2026-09-19 15:22:50","2026-09-19 15:27:34","284","COMPLETED","50045710988","Vishwa S"
"35915000000114028","2026-09-23 19:18:37","2026-09-23 19:19:29","52","COMPLETED","50045711750","Harish SS"
"35915000000114035","2026-09-24 05:51:53","2026-09-24 05:54:05","132","COMPLETED","50045711750","Harish SS"
"35915000000114039","2026-09-24 12:25:48","2026-09-24 12:26:17","29","COMPLETED","50045710988","Vishwa S"
"35915000000113047","2026-09-24 12:44:12","2026-09-24 12:46:19","127","COMPLETED","50045710988","Vishwa S"
"35915000000114047","2026-09-25 09:29:19","2026-09-25 09:29:38","19","COMPLETED","50045710988","Vishwa S"
"35915000000115794","2026-09-25 13:20:35","2026-09-25 13:24:20","225","COMPLETED","50045710988","Vishwa S"
"35915000000111019","2026-09-19 15:27:51","2026-09-19 15:29:35","104","COMPLETED","50045710988","Vishwa S"
"35915000000126025","2026-09-20 12:12:00","2026-09-20 12:13:27","87","COMPLETED","50045710988","Vishwa S"
"35915000000126027","2026-09-20 16:55:18","2026-09-20 16:56:18","60","COMPLETED","50045710988","Vishwa S"
"35915000000110022","2026-09-21 08:09:07","2026-09-21 08:13:41","274","COMPLETED","50045710988","Vishwa S"
"35915000000116053","2026-09-23 05:51:09","2026-09-23 05:56:26","317","COMPLETED","50045710988","Vishwa S"
"35915000000126047","2026-09-23 19:33:12","2026-09-23 19:37:36","264","COMPLETED","50045711750","Harish SS"
"35915000000110035","2026-09-24 07:09:44","2026-09-24 07:10:16","32","COMPLETED","50045711750","Harish SS"
"35915000000112038","2026-09-25 04:04:50","2026-09-25 04:05:01","11","COMPLETED","50045711750","Harish SS"
"35915000000126049","2026-09-25 04:06:52","2026-09-25 04:08:43","111","COMPLETED","50045711750","Harish SS"
"35915000000126053","2026-09-25 12:26:12","2026-09-25 12:26:14","2","PAUSED","50045710988","Vishwa S"
"35915000000127007","2026-09-20 17:26:56","2026-09-20 17:28:07","71","COMPLETED","50045710988","Vishwa S"
"35915000000127009","2026-09-21 13:18:06","2026-09-21 13:22:16","250","COMPLETED","50045710988","Vishwa S"
"35915000000127011","2026-09-22 18:39:22","2026-09-22 18:40:48","86","COMPLETED","50045711750","Harish SS"
"35915000000127013","2026-09-22 18:43:35","2026-09-22 18:45:22","107","COMPLETED","50045711750","Harish SS"
"35915000000115772","2026-09-23 04:53:47","2026-09-23 05:08:03","856","COMPLETED","50045710988","Vishwa S"
"35915000000129020","2026-09-24 05:57:43","2026-09-24 05:59:20","97","COMPLETED","50045711750","Harish SS"
"35915000000127022","2026-09-24 06:17:38","2026-09-24 06:17:56","18","COMPLETED","50045711750","Harish SS"
"35915000000127024","2026-09-24 12:25:11","2026-09-24 12:25:40","29","COMPLETED","50045710988","Vishwa S"
"35915000000127027","2026-09-24 12:54:36","2026-09-24 12:55:37","61","COMPLETED","50045710988","Vishwa S"
"35915000000128044","2026-09-25 09:29:07","2026-09-25 09:29:43","36","COMPLETED","50045710988","Vishwa S"
"35915000000130008","2026-09-20 16:36:22","2026-09-20 16:37:37","75","COMPLETED","50045710988","Vishwa S"
"35915000000112016","2026-09-20 16:42:42","2026-09-20 16:43:52","70","COMPLETED","50045710988","Vishwa S"
"35915000000130014","2026-09-20 17:35:02","2026-09-20 17:35:28","26","COMPLETED","50045710988","Vishwa S"
"35915000000130016","2026-09-21 13:23:16","2026-09-21 13:34:25","669","COMPLETED","50045710988","Vishwa S"
"35915000000130018","2026-09-22 04:31:01","2026-09-22 04:33:39","158","PAUSED","50045711750","Harish SS"
"35915000000130033","2026-09-24 04:19:48","2026-09-24 04:20:45","57","COMPLETED","50045711750","Harish SS"
"35915000000130035","2026-09-24 04:58:22","2026-09-24 05:02:31","249","PAUSED","50045711750","Harish SS"
"35915000000130038","2026-09-24 07:11:55","2026-09-24 07:15:35","220","COMPLETED","50045711750","Harish SS"
"35915000000130041","2026-09-24 12:27:51","2026-09-24 12:29:10","79","COMPLETED","50045710988","Vishwa S"
"35915000000117035","2026-09-24 12:30:34","2026-09-24 12:32:06","92","COMPLETED","50045710988","Vishwa S"
"35915000000125066","2026-09-24 13:18:23","2026-09-24 13:32:37","854","COMPLETED","50045710988","Vishwa S"
"35915000000118050","2026-09-25 09:31:17","2026-09-25 09:32:32","75","COMPLETED","50045710988","Vishwa S"
"35915000000130045","2026-09-25 12:44:37","2026-09-25 12:52:12","455","COMPLETED","50045710988","Vishwa S"
"35915000000116040","2026-09-20 17:30:03","2026-09-20 17:30:48","45","COMPLETED","50045710988","Vishwa S"
"35915000000111028","2026-09-21 13:15:44","2026-09-21 13:17:46","122","COMPLETED","50045710988","Vishwa S"
"35915000000111034","2026-09-23 12:42:41","2026-09-23 12:44:27","106","COMPLETED","50046120377","Karthikeyan B"
"35915000000111036","2026-09-23 12:44:38","2026-09-23 13:03:13","1115","COMPLETED","50046120377","Karthikeyan B"
"35915000000124032","2026-09-23 13:04:08","2026-09-23 13:05:39","91","COMPLETED","50046120377","Karthikeyan B"
"35915000000111042","2026-09-23 19:03:02","2026-09-23 19:07:57","295","COMPLETED","50045711750","Harish SS"
"35915000000110029","2026-09-23 19:10:00","2026-09-23 19:11:32","92","COMPLETED","50045711750","Harish SS"
"35915000000127030","2026-09-25 05:05:34","2026-09-25 05:06:06","32","COMPLETED","50045711750","Harish SS"
"35915000000111049","2026-09-25 11:01:02","2026-09-25 11:04:24","202","COMPLETED","50045710988","Vishwa S"
"35915000000111052","2026-09-25 12:34:18","2026-09-25 12:36:43","145","COMPLETED","50045710988","Vishwa S"
"35915000000129002","2026-09-20 11:24:35","2026-09-20 11:33:34","539","PAUSED","50045710988","Vishwa S"
"35915000000117018","2026-09-20 12:07:23","2026-09-20 12:08:37","74","COMPLETED","50045710988","Vishwa S"
"35915000000117020","2026-09-20 17:25:43","2026-09-20 17:26:40","57","COMPLETED","50045710988","Vishwa S"
"35915000000117022","2026-09-22 18:56:04","2026-09-22 19:00:06","242","COMPLETED","50045711750","Harish SS"
"35915000000117025","2026-09-24 04:31:00","2026-09-24 04:31:51","51","COMPLETED","50045711750","Harish SS"
"35915000000117027","2026-09-24 04:48:01","2026-09-24 04:50:03","122","COMPLETED","50045711750","Harish SS"
"35915000000117030","2026-09-24 05:59:34","2026-09-24 06:02:02","148","PAUSED","50045711750","Harish SS"
"35915000000117033","2026-09-24 12:29:19","2026-09-24 12:30:22","63","COMPLETED","50045710988","Vishwa S"
"35915000000117038","2026-09-25 03:44:21","2026-09-25 03:45:54","93","COMPLETED","50045711750","Harish SS"
"35915000000117042","2026-09-25 09:28:16","2026-09-25 09:28:41","25","COMPLETED","50045710988","Vishwa S"
"35915000000128047","2026-09-25 09:50:36","2026-09-25 09:50:40","4","PAUSED","50045710988","Vishwa S"
"35915000000129030","2026-09-25 10:02:10","","0","RUNNING","50045711707","Akshaya Keerthi J"
"35915000000117045","2026-09-25 10:49:05","2026-09-25 10:56:29","444","COMPLETED","50045710988","Vishwa S"
"35915000000121025","2026-09-25 12:22:05","2026-09-25 12:26:03","238","COMPLETED","50045710988","Vishwa S"
"35915000000121005","2026-09-19 15:45:31","2026-09-19 15:48:22","171","COMPLETED","50045710988","Vishwa S"
"35915000000121007","2026-09-19 16:00:12","2026-09-19 16:08:24","492","COMPLETED","50045710988","Vishwa S"
"35915000000121011","2026-09-20 17:30:59","2026-09-20 17:31:52","53","COMPLETED","50045710988","Vishwa S"
"35915000000115769","2026-09-21 13:41:14","2026-09-21 13:45:15","241","COMPLETED","50045710988","Vishwa S"
"35915000000112022","2026-09-23 05:48:18","2026-09-23 05:50:31","133","COMPLETED","50045710988","Vishwa S"
"35915000000121016","2026-09-24 05:57:57","2026-09-24 06:01:12","195","COMPLETED","50046120377","Karthikeyan B"
"35915000000116075","2026-09-25 09:30:15","2026-09-25 09:31:14","59","COMPLETED","50045710988","Vishwa S"
"35915000000128029","2026-09-20 12:15:13","2026-09-20 12:18:57","224","COMPLETED","50045710988","Vishwa S"
"35915000000128033","2026-09-21 14:06:23","2026-09-21 14:08:31","128","COMPLETED","50045710988","Vishwa S"
"35915000000113024","2026-09-22 18:54:40","2026-09-22 18:55:46","66","COMPLETED","50045711750","Harish SS"
"35915000000128036","2026-09-23 11:49:00","2026-09-23 11:56:09","429","COMPLETED","50046120377","Karthikeyan B"
"35915000000121018","2026-09-24 12:24:07","2026-09-24 12:24:38","31","COMPLETED","50045710988","Vishwa S"
"35915000000128042","2026-09-24 13:32:51","2026-09-24 13:33:53","62","COMPLETED","50045710988","Vishwa S"
"35915000000128047","2026-09-25 09:50:21","2026-09-25 09:50:27","6","PAUSED","50045710988","Vishwa S"
"35915000000129002","2026-09-20 11:34:38","2026-09-20 11:37:46","188","PAUSED","50045710988","Vishwa S"
"35915000000112013","2026-09-20 16:33:43","2026-09-20 16:34:51","68","COMPLETED","50045710988","Vishwa S"
"35915000000112020","2026-09-22 19:01:59","2026-09-22 19:02:36","37","COMPLETED","50045711750","Harish SS"
"35915000000112026","2026-09-23 12:17:46","2026-09-23 12:31:19","813","COMPLETED","50046120377","Karthikeyan B"
"35915000000112033","2026-09-23 19:41:54","2026-09-23 19:43:25","91","COMPLETED","50045711750","Harish SS"
"35915000000112035","2026-09-24 05:54:59","2026-09-24 05:56:04","65","COMPLETED","50045711750","Harish SS"
"35915000000118041","2026-09-24 12:27:04","2026-09-24 12:27:47","43","COMPLETED","50045710988","Vishwa S"
"35915000000112038","2026-09-25 03:46:33","2026-09-25 03:47:30","57","PAUSED","50045711750","Harish SS"
"35915000000112043","2026-09-25 12:52:20","2026-09-25 12:53:46","86","PAUSED","50045710988","Vishwa S"
