"bug_id","started_at","ended_at","elapsed_seconds","session_status","started_by_zuid","started_by_name"
"71921000000017311","2026-09-11 18:00:50","2026-09-11 18:00:57","7","COMPLETED","50045710988","Vishwa S"
"71921000000017312","2026-09-11 18:02:14","2026-09-11 18:02:21","7","COMPLETED","50045710988","Vishwa S"
"71921000000017317","2026-09-11 18:00:32","2026-09-11 18:00:39","7","COMPLETED","50045710988","Vishwa S"
"71921000000017318","2026-09-11 18:01:09","2026-09-11 18:01:15","6","COMPLETED","50045710988","Vishwa S"
"71921000000017308","2026-09-11 17:41:46","2026-09-11 17:48:07","381","COMPLETED","50045710988","Vishwa S"
"71921000000017309","2026-09-11 18:01:23","2026-09-11 18:01:29","6","COMPLETED","50045710988","Vishwa S"
"71921000000017313","2026-09-11 18:01:37","2026-09-11 18:01:43","6","COMPLETED","50045710988","Vishwa S"
"71921000000017314","2026-09-11 18:02:29","2026-09-11 18:02:36","7","COMPLETED","50045710988","Vishwa S"
"71921000000017320","2026-09-14 05:38:23","2026-09-14 05:39:10","47","COMPLETED","50045710988","Vishwa S"
"71921000000017316","2026-09-11 18:01:57","2026-09-11 18:02:02","5","COMPLETED","50045710988","Vishwa S"
"71921000000017319","2026-09-14 05:39:31","2026-09-14 05:53:07","816","COMPLETED","50045710988","Vishwa S"
"71921000000017315","2026-09-14 05:55:53","2026-09-14 06:01:04","311","COMPLETED","50045710988","Vishwa S"
"71921000000017310","2026-09-14 06:01:36","2026-09-14 06:04:42","186","COMPLETED","50045710988","Vishwa S"
"71921000000017368","2026-09-14 06:55:50","2026-09-14 07:00:13","263","COMPLETED","50045711750","Harish SS"
"71921000000017357","2026-09-14 07:51:00","2026-09-14 07:54:12","191","COMPLETED","50045710988","Vishwa S"
"71921000000017338","2026-09-14 15:14:49","2026-09-14 15:41:20","1590","COMPLETED","50045710988","Vishwa S"
"71921000000017339","2026-09-15 05:24:17","2026-09-15 05:24:51","34","COMPLETED","50045711750","Harish SS"
"71921000000017340","2026-09-16 06:25:50","2026-09-16 06:26:22","32","COMPLETED","50045711750","Harish SS"
"71921000000017342","2026-09-18 06:21:56","2026-09-18 06:36:55","899","COMPLETED","50045711750","Harish SS"
"71921000000017379","2026-09-16 05:41:01","2026-09-16 05:43:52","171","COMPLETED","50045711750","Harish SS"
"71921000000017380","2026-09-16 06:01:00","2026-09-16 06:01:48","48","COMPLETED","50045711750","Harish SS"
"71921000000017325","2026-09-14 06:05:31","2026-09-14 06:09:31","240","COMPLETED","50045710988","Vishwa S"
"71921000000017378","2026-09-15 05:23:43","2026-09-15 05:24:25","42","COMPLETED","50045711750","Harish SS"
"71921000000017398","2026-09-16 06:13:06","2026-09-16 06:14:48","102","COMPLETED","50045711750","Harish SS"
"71921000000017374","2026-09-16 06:33:37","2026-09-16 06:40:05","388","COMPLETED","50045711750","Harish SS"
"71921000000017375","2026-09-17 07:04:59","2026-09-17 07:08:33","214","COMPLETED","50045711750","Harish SS"
"71921000000017376","2026-09-17 09:58:36","2026-09-17 10:02:46","250","COMPLETED","50045711750","Harish SS"
"71921000000017334","2026-09-14 06:10:21","2026-09-14 06:14:57","276","COMPLETED","50045710988","Vishwa S"
"71921000000017321","2026-09-14 06:41:33","2026-09-14 06:46:57","324","COMPLETED","50045710988","Vishwa S"
"71921000000017348","2026-09-16 06:24:46","2026-09-16 06:25:20","34","COMPLETED","50045711750","Harish SS"
"71921000000017349","2026-09-16 06:45:13","2026-09-16 06:45:32","19","COMPLETED","50045711750","Harish SS"
"71921000000017350","2026-09-17 06:42:33","2026-09-17 06:43:18","45","COMPLETED","50045711750","Harish SS"
"71921000000017384","2026-09-17 09:57:07","2026-09-17 09:57:58","50","COMPLETED","50045711750","Harish SS"
"71921000000017391","2026-09-17 10:03:15","2026-09-17 10:03:44","29","COMPLETED","50045711750","Harish SS"
"71921000000017351","2026-09-17 13:14:39","2026-09-17 13:15:18","39","COMPLETED","50045711750","Harish SS"
"71921000000017371","2026-09-18 05:39:31","2026-09-18 05:44:23","292","COMPLETED","50045711750","Harish SS"
"71921000000017358","2026-09-16 06:20:15","2026-09-16 06:21:17","62","COMPLETED","50045711750","Harish SS"
"71921000000017361","2026-09-17 07:13:57","2026-09-17 07:14:48","51","COMPLETED","50045711750","Harish SS"
"71921000000017341","2026-09-17 10:04:15","2026-09-17 10:04:55","40","COMPLETED","50045711750","Harish SS"
"71921000000017362","2026-09-17 10:10:56","2026-09-17 10:11:11","15","COMPLETED","50045711750","Harish SS"
"71921000000017343","2026-09-14 06:15:24","2026-09-14 06:21:45","381","COMPLETED","50045710988","Vishwa S"
"71921000000017328","2026-09-15 05:30:33","2026-09-15 05:32:02","89","COMPLETED","50045711750","Harish SS"
"71921000000017369","2026-09-16 05:53:29","2026-09-16 06:00:34","425","COMPLETED","50045711750","Harish SS"
"71921000000017370","2026-09-16 06:40:51","2026-09-16 06:42:45","114","COMPLETED","50045711750","Harish SS"
"71921000000017386","2026-09-17 12:14:27","2026-09-17 12:21:35","428","COMPLETED","50045711750","Harish SS"
"71921000000017392","2026-09-18 05:57:39","2026-09-18 06:04:03","384","COMPLETED","50045711750","Harish SS"
"71921000000017372","2026-09-18 07:07:45","2026-09-18 07:08:22","37","COMPLETED","50045711750","Harish SS"
"71921000000017373","2026-09-18 07:08:32","2026-09-18 07:27:48","1156","COMPLETED","50045711750","Harish SS"
"71921000000017399","2026-09-17 11:55:05","2026-09-17 11:55:45","40","COMPLETED","50045711750","Harish SS"
"71921000000017352","2026-09-14 06:24:11","2026-09-14 06:33:15","544","COMPLETED","50045710988","Vishwa S"
"71921000000017322","2026-09-17 06:40:02","2026-09-17 06:41:19","77","COMPLETED","50045711750","Harish SS"
"71921000000017323","2026-09-17 13:09:40","2026-09-17 13:14:19","279","COMPLETED","50045711750","Harish SS"
"71921000000017324","2026-09-18 07:03:47","2026-09-18 07:05:16","89","COMPLETED","50045711750","Harish SS"
"71921000000017356","2026-09-14 06:34:01","2026-09-14 06:40:54","413","COMPLETED","50045710988","Vishwa S"
"71921000000017344","2026-09-16 05:39:35","2026-09-16 05:40:06","31","COMPLETED","50045711750","Harish SS"
"71921000000017359","2026-09-16 06:21:56","2026-09-16 06:22:49","53","COMPLETED","50045711750","Harish SS"
"71921000000017360","2026-09-16 06:27:20","2026-09-16 06:28:19","59","COMPLETED","50045711750","Harish SS"
"71921000000017345","2026-09-16 06:32:00","2026-09-16 06:56:15","1454","COMPLETED","50045711750","Harish SS"
"71921000000017346","2026-09-16 06:43:20","2026-09-16 06:44:28","68","COMPLETED","50045711750","Harish SS"
"71921000000017390","2026-09-17 07:17:47","2026-09-17 07:33:57","970","COMPLETED","50045711750","Harish SS"
"71921000000017385","2026-09-17 11:53:34","2026-09-17 11:54:35","61","COMPLETED","50045711750","Harish SS"
"71921000000017393","2026-09-18 06:04:28","2026-09-18 06:06:40","132","COMPLETED","50045711750","Harish SS"
"71921000000017354","2026-09-17 13:03:45","2026-09-17 13:08:05","260","COMPLETED","50045711750","Harish SS"
"71921000000017355","2026-09-17 13:16:03","2026-09-17 13:16:31","28","COMPLETED","50045711750","Harish SS"
"71921000000017353","2026-09-17 06:25:05","2026-09-17 06:25:27","22","COMPLETED","50045711750","Harish SS"
"71921000000017336","2026-09-17 06:58:48","2026-09-17 07:00:35","107","COMPLETED","50045711750","Harish SS"
"71921000000017337","2026-09-17 10:08:36","2026-09-17 10:09:58","82","COMPLETED","50045711750","Harish SS"
"71921000000017377","2026-09-18 07:00:49","2026-09-18 07:01:43","51","COMPLETED","50045711750","Harish SS"
"71921000000017335","2026-09-14 08:03:17","2026-09-14 08:05:29","132","COMPLETED","50045710988","Vishwa S"
"71921000000017329","2026-09-16 05:48:19","2026-09-16 05:49:09","50","COMPLETED","50045711750","Harish SS"
"71921000000017330","2026-09-16 06:06:09","2026-09-16 06:11:35","326","COMPLETED","50045711750","Harish SS"
"71921000000017327","2026-09-16 06:16:20","2026-09-16 06:16:46","26","COMPLETED","50045711750","Harish SS"
"71921000000017331","2026-09-16 06:19:14","2026-09-16 06:19:28","14","COMPLETED","50045711750","Harish SS"
"71921000000017332","2026-09-17 12:07:17","2026-09-17 12:13:03","346","COMPLETED","50045711750","Harish SS"
"71921000000017333","2026-09-17 12:57:53","2026-09-17 12:59:23","90","COMPLETED","50045711750","Harish SS"
"71921000000017394","2026-09-14 14:57:03","2026-09-14 15:08:50","706","COMPLETED","50045710988","Vishwa S"
"71921000000017396","2026-09-17 06:44:02","2026-09-17 06:57:09","787","COMPLETED","50045711750","Harish SS"
"71921000000017367","2026-09-17 07:10:45","2026-09-17 07:11:16","31","COMPLETED","50045711750","Harish SS"
"71921000000017397","2026-09-17 12:21:53","2026-09-17 12:31:39","586","COMPLETED","50045711750","Harish SS"
"71921000000017387","2026-09-14 10:43:31","2026-09-14 12:53:28","7797","COMPLETED","50045711750","Harish SS"
"71921000000017381","2026-09-14 15:09:45","2026-09-14 15:13:11","206","COMPLETED","50045710988","Vishwa S"
"71921000000017326","2026-09-15 07:18:35","2026-09-15 07:24:51","376","COMPLETED","50045710988","Vishwa S"
"71921000000017382","2026-09-16 05:52:29","2026-09-16 05:53:16","47","COMPLETED","50045711750","Harish SS"
"71921000000017383","2026-09-17 07:15:26","2026-09-17 07:17:09","103","COMPLETED","50045711750","Harish SS"
"71921000000017363","2026-09-14 15:22:28","2026-09-14 15:36:33","845","COMPLETED","50045710988","Vishwa S"
"71921000000017347","2026-09-16 06:46:23","2026-09-16 06:53:08","405","COMPLETED","50045711750","Harish SS"
"71921000000017364","2026-09-16 07:05:15","2026-09-16 07:05:57","42","COMPLETED","50045711750","Harish SS"
"71921000000017365","2026-09-17 06:57:54","2026-09-17 06:58:16","22","COMPLETED","50045711750","Harish SS"
"71921000000017366","2026-09-17 07:00:57","2026-09-17 07:01:18","21","COMPLETED","50045711750","Harish SS"
"71921000000017395","2026-09-15 07:25:44","2026-09-15 07:32:25","401","COMPLETED","50045710988","Vishwa S"
"71921000000017388","2026-09-17 12:59:44","2026-09-17 13:01:23","99","COMPLETED","50045711750","Harish SS"
"71921000000017389","2026-09-18 06:08:54","2026-09-18 06:20:48","714","COMPLETED","50045711750","Harish SS"
"71921000000017455","2026-09-20 17:34:03","2026-09-20 17:34:48","45","COMPLETED","50045710988","Vishwa S"
"71921000000017457","2026-09-23 12:37:49","2026-09-23 12:42:18","269","COMPLETED","50046120377","Karthikeyan B"
"71921000000017502","2026-09-23 19:31:16","2026-09-23 19:32:47","91","COMPLETED","50045711750","Harish SS"
"71921000000017515","2026-09-24 04:46:37","2026-09-24 04:47:14","37","COMPLETED","50045711750","Harish SS"
"71921000000017458","2026-09-24 12:23:03","2026-09-24 12:23:59","56","COMPLETED","50045710988","Vishwa S"
"71921000000017460","2026-09-25 09:38:14","2026-09-25 09:41:59","225","COMPLETED","50045710988","Vishwa S"
"71921000000017427","2026-09-25 13:13:34","2026-09-25 13:13:59","25","COMPLETED","50045710988","Vishwa S"
"71921000000017400","2026-09-21 08:07:51","2026-09-21 08:08:31","40","PAUSED","50045710988","Vishwa S"
"71921000000017490","2026-09-21 13:49:52","2026-09-21 13:56:02","370","COMPLETED","50045710988","Vishwa S"
"71921000000017401","2026-09-22 15:47:14","2026-09-22 15:51:48","274","COMPLETED","50045710988","Vishwa S"
"71921000000017403","2026-09-24 04:51:36","2026-09-24 04:53:44","128","PAUSED","50045711750","Harish SS"
"71921000000017467","2026-09-24 06:16:26","2026-09-24 06:16:26","0","COMPLETED","50045711750","Harish SS"
"71921000000017406","2026-09-24 13:41:51","2026-09-24 13:43:43","112","COMPLETED","50045710988","Vishwa S"
"71921000000017407","2026-09-25 09:42:06","2026-09-25 09:49:52","466","COMPLETED","50045710988","Vishwa S"
"71921000000017408","2026-09-25 11:04:38","2026-09-25 11:04:48","10","PAUSED","50045710988","Vishwa S"
"71921000000017409","2026-09-25 12:38:18","2026-09-25 12:44:31","373","COMPLETED","50045710988","Vishwa S"
"71921000000017504","2026-09-25 13:14:04","2026-09-25 13:19:11","307","COMPLETED","50045710988","Vishwa S"
"71921000000017410","2026-09-18 10:14:49","2026-09-18 10:16:04","75","COMPLETED","50045711750","Harish SS"
"71921000000017486","2026-09-19 15:48:53","2026-09-19 15:50:36","103","COMPLETED","50045710988","Vishwa S"
"71921000000017473","2026-09-20 16:35:09","2026-09-20 16:36:08","59","COMPLETED","50045710988","Vishwa S"
"71921000000017474","2026-09-20 16:53:38","2026-09-20 16:55:07","89","COMPLETED","50045710988","Vishwa S"
"71921000000017475","2026-09-22 15:44:43","2026-09-22 15:46:53","130","COMPLETED","50045710988","Vishwa S"
"71921000000017492","2026-09-23 05:56:39","2026-09-23 06:05:39","540","COMPLETED","50045710988","Vishwa S"
"71921000000017476","2026-09-23 19:19:48","2026-09-23 19:20:47","59","COMPLETED","50045711750","Harish SS"
"71921000000017478","2026-09-24 13:34:49","2026-09-24 13:36:34","105","COMPLETED","50045710988","Vishwa S"
"71921000000015022","2026-09-25 13:27:25","2026-09-25 13:43:18","953","PAUSED","50045710988","Vishwa S"
"71921000000017505","2026-09-19 15:29:47","2026-09-19 15:38:02","495","COMPLETED","50045710988","Vishwa S"
"71921000000017549","2026-09-19 15:51:34","2026-09-19 15:56:02","268","COMPLETED","50045710988","Vishwa S"
"71921000000017418","2026-09-20 12:05:23","2026-09-20 12:07:11","108","COMPLETED","50045710988","Vishwa S"
"71921000000017506","2026-09-20 16:38:42","2026-09-20 16:40:45","123","COMPLETED","50045710988","Vishwa S"
"71921000000017551","2026-09-20 16:52:31","2026-09-20 16:53:23","52","COMPLETED","50045710988","Vishwa S"
"71921000000017507","2026-09-21 13:36:35","2026-09-21 13:40:31","236","COMPLETED","50045710988","Vishwa S"
"71921000000017508","2026-09-21 13:56:16","2026-09-21 14:06:06","590","COMPLETED","50045710988","Vishwa S"
"71921000000017509","2026-09-22 18:42:15","2026-09-22 18:43:17","62","COMPLETED","50045711750","Harish SS"
"71921000000017510","2026-09-22 19:00:44","2026-09-22 19:01:05","21","COMPLETED","50045711750","Harish SS"
"71921000000017511","2026-09-23 10:11:35","2026-09-23 10:14:03","148","COMPLETED","50046120377","Karthikeyan B"
"71921000000015023","2026-09-23 10:16:06","2026-09-23 10:44:46","1720","PAUSED","50046120377","Karthikeyan B"
"71921000000017523","2026-09-23 11:56:19","2026-09-23 11:58:47","148","COMPLETED","50046120377","Karthikeyan B"
"71921000000017524","2026-09-23 12:00:43","2026-09-23 12:09:31","528","COMPLETED","50046120377","Karthikeyan B"
"71921000000015024","2026-09-23 12:14:06","2026-09-23 12:16:13","127","PAUSED","50046120377","Karthikeyan B"
"71921000000017512","2026-09-23 12:32:08","2026-09-23 12:37:26","318","COMPLETED","50046120377","Karthikeyan B"
"71921000000017513","2026-09-23 19:08:30","2026-09-23 19:09:39","69","COMPLETED","50045711750","Harish SS"
"71921000000017403","2026-09-24 04:57:15","2026-09-24 04:58:04","49","COMPLETED","50045711750","Harish SS"
"71921000000017516","2026-09-24 05:56:19","2026-09-24 05:57:26","67","COMPLETED","50045711750","Harish SS"
"71921000000017517","2026-09-24 13:10:36","2026-09-24 13:10:48","12","PAUSED","50045710988","Vishwa S"
"71921000000017518","2026-09-24 13:43:52","2026-09-24 13:55:17","685","COMPLETED","50045710988","Vishwa S"
"71921000000017520","2026-09-25 05:06:24","2026-09-25 05:06:50","26","COMPLETED","50045711750","Harish SS"
"71921000000017428","2026-09-18 10:16:15","2026-09-18 10:17:31","76","COMPLETED","50045711750","Harish SS"
"71921000000017445","2026-09-19 15:38:48","2026-09-19 15:44:51","363","COMPLETED","50045710988","Vishwa S"
"71921000000017446","2026-09-20 17:25:05","2026-09-20 17:25:25","20","COMPLETED","50045710988","Vishwa S"
"71921000000017448","2026-09-22 15:54:17","2026-09-22 16:14:04","1187","PAUSED","50045710988","Vishwa S"
"71921000000017449","2026-09-22 18:47:11","2026-09-22 18:48:41","90","COMPLETED","50045711750","Harish SS"
"71921000000017450","2026-09-23 19:21:29","2026-09-23 19:23:07","98","COMPLETED","50045711750","Harish SS"
"71921000000017451","2026-09-23 19:30:27","2026-09-23 19:30:54","27","COMPLETED","50045711750","Harish SS"
"71921000000017514","2026-09-24 04:25:59","2026-09-24 04:26:38","39","COMPLETED","50045711750","Harish SS"
"71921000000017515","2026-09-24 04:32:08","2026-09-24 04:38:26","378","PAUSED","50045711750","Harish SS"
"71921000000017452","2026-09-24 12:55:43","2026-09-24 13:10:16","873","COMPLETED","50045710988","Vishwa S"
"71921000000015022","2026-09-25 13:24:43","2026-09-25 13:25:20","37","PAUSED","50045710988","Vishwa S"
"71921000000017429","2026-09-20 12:10:42","2026-09-20 12:11:47","65","COMPLETED","50045710988","Vishwa S"
"71921000000017430","2026-09-20 16:41:20","2026-09-20 16:42:23","63","COMPLETED","50045710988","Vishwa S"
"71921000000017552","2026-09-20 17:32:03","2026-09-20 17:32:50","47","COMPLETED","50045710988","Vishwa S"
"71921000000017431","2026-09-21 13:09:54","2026-09-21 13:15:28","334","COMPLETED","50045710988","Vishwa S"
"71921000000017432","2026-09-22 18:48:57","2026-09-22 18:49:43","46","PAUSED","50045711750","Harish SS"
"71921000000017433","2026-09-22 19:01:25","2026-09-22 19:01:50","25","COMPLETED","50045711750","Harish SS"
"71921000000017434","2026-09-23 19:01:25","2026-09-23 19:02:05","40","COMPLETED","50045711750","Harish SS"
"71921000000017435","2026-09-24 05:16:36","2026-09-24 05:18:07","91","COMPLETED","50045711750","Harish SS"
"71921000000017436","2026-09-24 07:17:41","2026-09-24 07:18:01","20","COMPLETED","50045711750","Harish SS"
"71921000000017519","2026-09-24 13:55:31","2026-09-24 14:01:42","371","COMPLETED","50045710988","Vishwa S"
"71921000000017408","2026-09-25 12:00:56","2026-09-25 12:08:11","435","COMPLETED","50045710988","Vishwa S"
"71921000000015022","2026-09-25 13:45:57","2026-09-25 13:47:06","69","PAUSED","50045710988","Vishwa S"
"71921000000017443","2026-09-18 10:18:24","2026-09-18 10:18:55","31","COMPLETED","50045711750","Harish SS"
"71921000000017543","2026-09-20 11:39:22","2026-09-20 12:02:48","1406","PAUSED","50045710988","Vishwa S"
"71921000000017543","2026-09-20 16:30:10","2026-09-20 16:30:10","0","COMPLETED","50045710988","Vishwa S"
"71921000000017499","2026-09-20 16:31:28","2026-09-20 16:32:39","71","COMPLETED","50045710988","Vishwa S"
"71921000000017500","2026-09-20 16:56:50","2026-09-20 16:57:53","63","COMPLETED","50045710988","Vishwa S"
"71921000000017542","2026-09-25 10:31:28","2026-09-25 10:48:55","1047","COMPLETED","50045710988","Vishwa S"
"71921000000017503","2026-09-25 12:10:11","2026-09-25 12:21:52","701","COMPLETED","50045710988","Vishwa S"
"71921000000017544","2026-09-23 19:27:52","2026-09-23 19:28:34","42","COMPLETED","50045711750","Harish SS"
"71921000000017545","2026-09-24 05:36:34","2026-09-24 05:50:40","846","COMPLETED","50046120377","Karthikeyan B"
"71921000000017539","2026-09-24 10:32:30","2026-09-24 10:33:27","57","COMPLETED","50045711750","Harish SS"
"71921000000017547","2026-09-24 12:37:51","2026-09-24 12:44:03","372","COMPLETED","50045710988","Vishwa S"
"71921000000017548","2026-09-25 04:05:17","2026-09-25 04:06:20","63","COMPLETED","50045711750","Harish SS"
"71921000000017441","2026-09-25 09:27:36","2026-09-25 09:28:09","33","COMPLETED","50045710988","Vishwa S"
"71921000000017527","2026-09-25 12:33:16","2026-09-25 12:34:08","52","COMPLETED","50045710988","Vishwa S"
"71921000000017461","2026-09-18 10:21:01","2026-09-18 10:21:42","40","COMPLETED","50045711750","Harish SS"
"71921000000017487","2026-09-20 12:09:01","2026-09-20 12:10:17","76","COMPLETED","50045710988","Vishwa S"
"71921000000017543","2026-09-20 12:19:14","2026-09-20 12:21:27","133","PAUSED","50045710988","Vishwa S"
"71921000000017488","2026-09-20 16:58:11","2026-09-20 17:02:41","270","COMPLETED","50045710988","Vishwa S"
"71921000000017489","2026-09-20 17:33:05","2026-09-20 17:33:51","46","COMPLETED","50045710988","Vishwa S"
"71921000000017490","2026-09-21 13:45:31","2026-09-21 13:45:51","20","PAUSED","50045710988","Vishwa S"
"71921000000017555","2026-09-22 04:34:41","2026-09-22 04:34:41","0","COMPLETED","50045711750","Harish SS"
"71921000000017491","2026-09-22 18:45:43","2026-09-22 18:46:51","68","COMPLETED","50045711750","Harish SS"
"71921000000017493","2026-09-23 19:12:36","2026-09-23 19:14:35","119","COMPLETED","50045711750","Harish SS"
"71921000000017494","2026-09-23 19:24:49","2026-09-23 19:27:06","137","COMPLETED","50045711750","Harish SS"
"71921000000017557","2026-09-24 05:14:34","2026-09-24 05:16:17","103","COMPLETED","50045711750","Harish SS"
"71921000000017405","2026-09-24 09:52:50","2026-09-24 09:53:44","54","COMPLETED","50045711750","Harish SS"
"71921000000017495","2026-09-24 12:26:25","2026-09-24 12:26:55","30","COMPLETED","50045710988","Vishwa S"
"71921000000017496","2026-09-25 03:39:29","2026-09-25 03:40:03","34","COMPLETED","50045711750","Harish SS"
"71921000000017497","2026-09-25 03:40:20","2026-09-25 03:41:18","58","COMPLETED","50045711750","Harish SS"
"71921000000017498","2026-09-25 03:41:41","2026-09-25 03:43:54","133","COMPLETED","50045711750","Harish SS"
"71921000000017444","2026-09-19 15:22:50","2026-09-19 15:27:34","284","COMPLETED","50045710988","Vishwa S"
"71921000000017438","2026-09-23 19:18:37","2026-09-23 19:19:29","52","COMPLETED","50045711750","Harish SS"
"71921000000017439","2026-09-24 05:51:53","2026-09-24 05:54:05","132","COMPLETED","50045711750","Harish SS"
"71921000000017440","2026-09-24 12:25:48","2026-09-24 12:26:17","29","COMPLETED","50045710988","Vishwa S"
"71921000000017437","2026-09-24 12:44:12","2026-09-24 12:46:19","127","COMPLETED","50045710988","Vishwa S"
"71921000000017442","2026-09-25 09:29:19","2026-09-25 09:29:38","19","COMPLETED","50045710988","Vishwa S"
"71921000000017453","2026-09-25 13:20:35","2026-09-25 13:24:20","225","COMPLETED","50045710988","Vishwa S"
"71921000000017411","2026-09-19 15:27:51","2026-09-19 15:29:35","104","COMPLETED","50045710988","Vishwa S"
"71921000000017521","2026-09-20 12:12:00","2026-09-20 12:13:27","87","COMPLETED","50045710988","Vishwa S"
"71921000000017522","2026-09-20 16:55:18","2026-09-20 16:56:18","60","COMPLETED","50045710988","Vishwa S"
"71921000000017400","2026-09-21 08:09:07","2026-09-21 08:13:41","274","COMPLETED","50045710988","Vishwa S"
"71921000000017456","2026-09-23 05:51:09","2026-09-23 05:56:26","317","COMPLETED","50045710988","Vishwa S"
"71921000000017525","2026-09-23 19:33:12","2026-09-23 19:37:36","264","COMPLETED","50045711750","Harish SS"
"71921000000017404","2026-09-24 07:09:44","2026-09-24 07:10:16","32","COMPLETED","50045711750","Harish SS"
"71921000000017426","2026-09-25 04:04:50","2026-09-25 04:05:01","11","COMPLETED","50045711750","Harish SS"
"71921000000017526","2026-09-25 04:06:52","2026-09-25 04:08:43","111","COMPLETED","50045711750","Harish SS"
"71921000000017527","2026-09-25 12:26:12","2026-09-25 12:26:14","2","PAUSED","50045710988","Vishwa S"
"71921000000017528","2026-09-20 17:26:56","2026-09-20 17:28:07","71","COMPLETED","50045710988","Vishwa S"
"71921000000017529","2026-09-21 13:18:06","2026-09-21 13:22:16","250","COMPLETED","50045710988","Vishwa S"
"71921000000017530","2026-09-22 18:39:22","2026-09-22 18:40:48","86","COMPLETED","50045711750","Harish SS"
"71921000000017531","2026-09-22 18:43:35","2026-09-22 18:45:22","107","COMPLETED","50045711750","Harish SS"
"71921000000017448","2026-09-23 04:53:47","2026-09-23 05:08:03","856","COMPLETED","50045710988","Vishwa S"
"71921000000017546","2026-09-24 05:57:43","2026-09-24 05:59:20","97","COMPLETED","50045711750","Harish SS"
"71921000000017532","2026-09-24 06:17:38","2026-09-24 06:17:56","18","COMPLETED","50045711750","Harish SS"
"71921000000017533","2026-09-24 12:25:11","2026-09-24 12:25:40","29","COMPLETED","50045710988","Vishwa S"
"71921000000017534","2026-09-24 12:54:36","2026-09-24 12:55:37","61","COMPLETED","50045710988","Vishwa S"
"71921000000017541","2026-09-25 09:29:07","2026-09-25 09:29:43","36","COMPLETED","50045710988","Vishwa S"
"71921000000017550","2026-09-20 16:36:22","2026-09-20 16:37:37","75","COMPLETED","50045710988","Vishwa S"
"71921000000017420","2026-09-20 16:42:42","2026-09-20 16:43:52","70","COMPLETED","50045710988","Vishwa S"
"71921000000017553","2026-09-20 17:35:02","2026-09-20 17:35:28","26","COMPLETED","50045710988","Vishwa S"
"71921000000017554","2026-09-21 13:23:16","2026-09-21 13:34:25","669","COMPLETED","50045710988","Vishwa S"
"71921000000017555","2026-09-22 04:31:01","2026-09-22 04:33:39","158","PAUSED","50045711750","Harish SS"
"71921000000017556","2026-09-24 04:19:48","2026-09-24 04:20:45","57","COMPLETED","50045711750","Harish SS"
"71921000000017557","2026-09-24 04:58:22","2026-09-24 05:02:31","249","PAUSED","50045711750","Harish SS"
"71921000000017558","2026-09-24 07:11:55","2026-09-24 07:15:35","220","COMPLETED","50045711750","Harish SS"
"71921000000017559","2026-09-24 12:27:51","2026-09-24 12:29:10","79","COMPLETED","50045710988","Vishwa S"
"71921000000017469","2026-09-24 12:30:34","2026-09-24 12:32:06","92","COMPLETED","50045710988","Vishwa S"
"71921000000017517","2026-09-24 13:18:23","2026-09-24 13:32:37","854","COMPLETED","50045710988","Vishwa S"
"71921000000017479","2026-09-25 09:31:17","2026-09-25 09:32:32","75","COMPLETED","50045710988","Vishwa S"
"71921000000017560","2026-09-25 12:44:37","2026-09-25 12:52:12","455","COMPLETED","50045710988","Vishwa S"
"71921000000017454","2026-09-20 17:30:03","2026-09-20 17:30:48","45","COMPLETED","50045710988","Vishwa S"
"71921000000017412","2026-09-21 13:15:44","2026-09-21 13:17:46","122","COMPLETED","50045710988","Vishwa S"
"71921000000017413","2026-09-23 12:42:41","2026-09-23 12:44:27","106","COMPLETED","50046120377","Karthikeyan B"
"71921000000017414","2026-09-23 12:44:38","2026-09-23 13:03:13","1115","COMPLETED","50046120377","Karthikeyan B"
"71921000000017501","2026-09-23 13:04:08","2026-09-23 13:05:39","91","COMPLETED","50046120377","Karthikeyan B"
"71921000000017415","2026-09-23 19:03:02","2026-09-23 19:07:57","295","COMPLETED","50045711750","Harish SS"
"71921000000017402","2026-09-23 19:10:00","2026-09-23 19:11:32","92","COMPLETED","50045711750","Harish SS"
"71921000000017535","2026-09-25 05:05:34","2026-09-25 05:06:06","32","COMPLETED","50045711750","Harish SS"
"71921000000017416","2026-09-25 11:01:02","2026-09-25 11:04:24","202","COMPLETED","50045710988","Vishwa S"
"71921000000017417","2026-09-25 12:34:18","2026-09-25 12:36:43","145","COMPLETED","50045710988","Vishwa S"
"71921000000017543","2026-09-20 11:24:35","2026-09-20 11:33:34","539","PAUSED","50045710988","Vishwa S"
"71921000000017462","2026-09-20 12:07:23","2026-09-20 12:08:37","74","COMPLETED","50045710988","Vishwa S"
"71921000000017463","2026-09-20 17:25:43","2026-09-20 17:26:40","57","COMPLETED","50045710988","Vishwa S"
"71921000000017464","2026-09-22 18:56:04","2026-09-22 19:00:06","242","COMPLETED","50045711750","Harish SS"
"71921000000017465","2026-09-24 04:31:00","2026-09-24 04:31:51","51","COMPLETED","50045711750","Harish SS"
"71921000000017466","2026-09-24 04:48:01","2026-09-24 04:50:03","122","COMPLETED","50045711750","Harish SS"
"71921000000017467","2026-09-24 05:59:34","2026-09-24 06:02:02","148","PAUSED","50045711750","Harish SS"
"71921000000017468","2026-09-24 12:29:19","2026-09-24 12:30:22","63","COMPLETED","50045710988","Vishwa S"
"71921000000017470","2026-09-25 03:44:21","2026-09-25 03:45:54","93","COMPLETED","50045711750","Harish SS"
"71921000000017471","2026-09-25 09:28:16","2026-09-25 09:28:41","25","COMPLETED","50045710988","Vishwa S"
"71921000000017542","2026-09-25 09:50:36","2026-09-25 09:50:40","4","PAUSED","50045710988","Vishwa S"
"71921000000015025","2026-09-25 10:02:10","","0","RUNNING","50045711707","Akshaya Keerthi J"
"71921000000017472","2026-09-25 10:49:05","2026-09-25 10:56:29","444","COMPLETED","50045710988","Vishwa S"
"71921000000017485","2026-09-25 12:22:05","2026-09-25 12:26:03","238","COMPLETED","50045710988","Vishwa S"
"71921000000017480","2026-09-19 15:45:31","2026-09-19 15:48:22","171","COMPLETED","50045710988","Vishwa S"
"71921000000017481","2026-09-19 16:00:12","2026-09-19 16:08:24","492","COMPLETED","50045710988","Vishwa S"
"71921000000017482","2026-09-20 17:30:59","2026-09-20 17:31:52","53","COMPLETED","50045710988","Vishwa S"
"71921000000017447","2026-09-21 13:41:14","2026-09-21 13:45:15","241","COMPLETED","50045710988","Vishwa S"
"71921000000017422","2026-09-23 05:48:18","2026-09-23 05:50:31","133","COMPLETED","50045710988","Vishwa S"
"71921000000017483","2026-09-24 05:57:57","2026-09-24 06:01:12","195","COMPLETED","50046120377","Karthikeyan B"
"71921000000017459","2026-09-25 09:30:15","2026-09-25 09:31:14","59","COMPLETED","50045710988","Vishwa S"
"71921000000017536","2026-09-20 12:15:13","2026-09-20 12:18:57","224","COMPLETED","50045710988","Vishwa S"
"71921000000017537","2026-09-21 14:06:23","2026-09-21 14:08:31","128","COMPLETED","50045710988","Vishwa S"
"71921000000017432","2026-09-22 18:54:40","2026-09-22 18:55:46","66","COMPLETED","50045711750","Harish SS"
"71921000000017538","2026-09-23 11:49:00","2026-09-23 11:56:09","429","COMPLETED","50046120377","Karthikeyan B"
"71921000000017484","2026-09-24 12:24:07","2026-09-24 12:24:38","31","COMPLETED","50045710988","Vishwa S"
"71921000000017540","2026-09-24 13:32:51","2026-09-24 13:33:53","62","COMPLETED","50045710988","Vishwa S"
"71921000000017542","2026-09-25 09:50:21","2026-09-25 09:50:27","6","PAUSED","50045710988","Vishwa S"
"71921000000017543","2026-09-20 11:34:38","2026-09-20 11:37:46","188","PAUSED","50045710988","Vishwa S"
"71921000000017419","2026-09-20 16:33:43","2026-09-20 16:34:51","68","COMPLETED","50045710988","Vishwa S"
"71921000000017421","2026-09-22 19:01:59","2026-09-22 19:02:36","37","COMPLETED","50045711750","Harish SS"
"71921000000017423","2026-09-23 12:17:46","2026-09-23 12:31:19","813","COMPLETED","50046120377","Karthikeyan B"
"71921000000017424","2026-09-23 19:41:54","2026-09-23 19:43:25","91","COMPLETED","50045711750","Harish SS"
"71921000000017425","2026-09-24 05:54:59","2026-09-24 05:56:04","65","COMPLETED","50045711750","Harish SS"
"71921000000017477","2026-09-24 12:27:04","2026-09-24 12:27:47","43","COMPLETED","50045710988","Vishwa S"
"71921000000017426","2026-09-25 03:46:33","2026-09-25 03:47:30","57","PAUSED","50045711750","Harish SS"
"71921000000017427","2026-09-25 12:52:20","2026-09-25 12:53:46","86","PAUSED","50045710988","Vishwa S"
